ts,player_id,ownership
2026-06-11T18:03:56+00:00,1,1.1
2026-06-11T18:03:56+00:00,2,0.2
2026-06-11T18:03:56+00:00,3,0.1
2026-06-11T18:03:56+00:00,4,0.0
2026-06-11T18:03:56+00:00,5,0.0
2026-06-11T18:03:56+00:00,6,0.3
2026-06-11T18:03:56+00:00,7,1.7
2026-06-11T18:03:56+00:00,8,0.6
2026-06-11T18:03:56+00:00,9,0.1
2026-06-11T18:03:56+00:00,10,0.1
2026-06-11T18:03:56+00:00,11,0.6
2026-06-11T18:03:56+00:00,12,0.2
2026-06-11T18:03:56+00:00,13,0.1
2026-06-11T18:03:56+00:00,14,0.0
2026-06-11T18:03:56+00:00,15,0.0
2026-06-11T18:03:56+00:00,16,0.1
2026-06-11T18:03:56+00:00,17,0.0
2026-06-11T18:03:56+00:00,18,1.0
2026-06-11T18:03:56+00:00,19,2.0
2026-06-11T18:03:56+00:00,20,0.0
2026-06-11T18:03:56+00:00,21,2.5
2026-06-11T18:03:56+00:00,22,0.0
2026-06-11T18:03:56+00:00,23,0.0
2026-06-11T18:03:56+00:00,24,0.0
2026-06-11T18:03:56+00:00,25,0.0
2026-06-11T18:03:56+00:00,26,0.1
2026-06-11T18:03:56+00:00,27,0.0
2026-06-11T18:03:56+00:00,28,4.9
2026-06-11T18:03:56+00:00,29,0.3
2026-06-11T18:03:56+00:00,30,3.4
2026-06-11T18:03:56+00:00,31,2.3
2026-06-11T18:03:56+00:00,32,0.1
2026-06-11T18:03:56+00:00,33,0.0
2026-06-11T18:03:56+00:00,34,1.3
2026-06-11T18:03:56+00:00,35,0.1
2026-06-11T18:03:56+00:00,36,0.0
2026-06-11T18:03:56+00:00,38,17.9
2026-06-11T18:03:56+00:00,39,16.0
2026-06-11T18:03:56+00:00,40,0.0
2026-06-11T18:03:56+00:00,41,0.8
2026-06-11T18:03:56+00:00,42,0.1
2026-06-11T18:03:56+00:00,43,0.1
2026-06-11T18:03:56+00:00,44,0.0
2026-06-11T18:03:56+00:00,45,21.8
2026-06-11T18:03:56+00:00,46,0.2
2026-06-11T18:03:56+00:00,47,0.1
2026-06-11T18:03:56+00:00,48,0.2
2026-06-11T18:03:56+00:00,49,0.0
2026-06-11T18:03:56+00:00,50,0.9
2026-06-11T18:03:56+00:00,51,1.3
2026-06-11T18:03:56+00:00,52,0.0
2026-06-11T18:03:56+00:00,53,0.3
2026-06-11T18:03:56+00:00,54,0.2
2026-06-11T18:03:56+00:00,55,0.3
2026-06-11T18:03:56+00:00,56,3.3
2026-06-11T18:03:56+00:00,57,3.2
2026-06-11T18:03:56+00:00,58,0.4
2026-06-11T18:03:56+00:00,59,0.0
2026-06-11T18:03:56+00:00,60,0.1
2026-06-11T18:03:56+00:00,61,0.1
2026-06-11T18:03:56+00:00,62,0.0
2026-06-11T18:03:56+00:00,63,0.0
2026-06-11T18:03:56+00:00,64,0.0
2026-06-11T18:03:56+00:00,65,0.0
2026-06-11T18:03:56+00:00,66,0.5
2026-06-11T18:03:56+00:00,67,0.3
2026-06-11T18:03:56+00:00,68,0.3
2026-06-11T18:03:56+00:00,69,0.0
2026-06-11T18:03:56+00:00,70,0.0
2026-06-11T18:03:56+00:00,71,0.0
2026-06-11T18:03:56+00:00,72,0.1
2026-06-11T18:03:56+00:00,73,0.0
2026-06-11T18:03:56+00:00,74,0.6
2026-06-11T18:03:56+00:00,75,0.1
2026-06-11T18:03:56+00:00,76,1.0
2026-06-11T18:03:56+00:00,77,0.0
2026-06-11T18:03:56+00:00,78,0.0
2026-06-11T18:03:56+00:00,79,0.0
2026-06-11T18:03:56+00:00,80,0.0
2026-06-11T18:03:56+00:00,81,0.1
2026-06-11T18:03:56+00:00,82,0.0
2026-06-11T18:03:56+00:00,83,0.0
2026-06-11T18:03:56+00:00,84,0.0
2026-06-11T18:03:56+00:00,85,2.2
2026-06-11T18:03:56+00:00,86,0.2
2026-06-11T18:03:56+00:00,87,0.0
2026-06-11T18:03:56+00:00,88,0.5
2026-06-11T18:03:56+00:00,90,0.3
2026-06-11T18:03:56+00:00,91,0.0
2026-06-11T18:03:56+00:00,92,0.0
2026-06-11T18:03:56+00:00,93,0.0
2026-06-11T18:03:56+00:00,94,0.0
2026-06-11T18:03:56+00:00,95,0.5
2026-06-11T18:03:56+00:00,96,0.1
2026-06-11T18:03:56+00:00,97,0.1
2026-06-11T18:03:56+00:00,98,0.5
2026-06-11T18:03:56+00:00,99,0.1
2026-06-11T18:03:56+00:00,101,0.4
2026-06-11T18:03:56+00:00,102,0.8
2026-06-11T18:03:56+00:00,103,0.3
2026-06-11T18:03:56+00:00,104,0.0
2026-06-11T18:03:56+00:00,105,0.0
2026-06-11T18:03:56+00:00,106,0.0
2026-06-11T18:03:56+00:00,107,4.0
2026-06-11T18:03:56+00:00,108,0.1
2026-06-11T18:03:56+00:00,109,0.1
2026-06-11T18:03:56+00:00,110,0.0
2026-06-11T18:03:56+00:00,111,0.0
2026-06-11T18:03:56+00:00,112,0.0
2026-06-11T18:03:56+00:00,114,3.2
2026-06-11T18:03:56+00:00,115,0.5
2026-06-11T18:03:56+00:00,116,0.3
2026-06-11T18:03:56+00:00,117,0.9
2026-06-11T18:03:56+00:00,118,0.2
2026-06-11T18:03:56+00:00,119,1.1
2026-06-11T18:03:56+00:00,120,0.1
2026-06-11T18:03:56+00:00,121,0.1
2026-06-11T18:03:56+00:00,122,0.1
2026-06-11T18:03:56+00:00,123,0.4
2026-06-11T18:03:56+00:00,124,2.1
2026-06-11T18:03:56+00:00,125,13.2
2026-06-11T18:03:56+00:00,127,0.1
2026-06-11T18:03:56+00:00,128,0.1
2026-06-11T18:03:56+00:00,129,1.1
2026-06-11T18:03:56+00:00,132,1.6
2026-06-11T18:03:56+00:00,135,0.1
2026-06-11T18:03:56+00:00,136,0.2
2026-06-11T18:03:56+00:00,137,1.2
2026-06-11T18:03:56+00:00,138,5.5
2026-06-11T18:03:56+00:00,139,0.2
2026-06-11T18:03:56+00:00,140,0.4
2026-06-11T18:03:56+00:00,141,0.3
2026-06-11T18:03:56+00:00,142,0.2
2026-06-11T18:03:56+00:00,143,0.0
2026-06-11T18:03:56+00:00,144,0.1
2026-06-11T18:03:56+00:00,145,0.5
2026-06-11T18:03:56+00:00,146,0.1
2026-06-11T18:03:56+00:00,147,1.0
2026-06-11T18:03:56+00:00,148,0.0
2026-06-11T18:03:56+00:00,149,0.1
2026-06-11T18:03:56+00:00,150,0.2
2026-06-11T18:03:56+00:00,151,0.0
2026-06-11T18:03:56+00:00,152,0.3
2026-06-11T18:03:56+00:00,153,0.7
2026-06-11T18:03:56+00:00,154,0.0
2026-06-11T18:03:56+00:00,155,0.3
2026-06-11T18:03:56+00:00,156,0.1
2026-06-11T18:03:56+00:00,157,0.0
2026-06-11T18:03:56+00:00,158,0.0
2026-06-11T18:03:56+00:00,159,0.0
2026-06-11T18:03:56+00:00,160,0.0
2026-06-11T18:03:56+00:00,161,0.1
2026-06-11T18:03:56+00:00,162,0.1
2026-06-11T18:03:56+00:00,164,20.0
2026-06-11T18:03:56+00:00,165,7.4
2026-06-11T18:03:56+00:00,166,0.3
2026-06-11T18:03:56+00:00,167,0.8
2026-06-11T18:03:56+00:00,168,0.4
2026-06-11T18:03:56+00:00,169,0.5
2026-06-11T18:03:56+00:00,170,0.1
2026-06-11T18:03:56+00:00,173,12.4
2026-06-11T18:03:56+00:00,174,3.2
2026-06-11T18:03:56+00:00,176,0.7
2026-06-11T18:03:56+00:00,177,0.2
2026-06-11T18:03:56+00:00,178,2.4
2026-06-11T18:03:56+00:00,179,0.2
2026-06-11T18:03:56+00:00,181,2.9
2026-06-11T18:03:56+00:00,182,2.9
2026-06-11T18:03:56+00:00,183,5.0
2026-06-11T18:03:56+00:00,186,0.3
2026-06-11T18:03:56+00:00,187,0.2
2026-06-11T18:03:56+00:00,188,2.0
2026-06-11T18:03:56+00:00,190,0.5
2026-06-11T18:03:56+00:00,195,0.1
2026-06-11T18:03:56+00:00,196,0.0
2026-06-11T18:03:56+00:00,198,0.0
2026-06-11T18:03:56+00:00,199,0.0
2026-06-11T18:03:56+00:00,200,0.0
2026-06-11T18:03:56+00:00,201,0.0
2026-06-11T18:03:56+00:00,202,0.0
2026-06-11T18:03:56+00:00,203,0.2
2026-06-11T18:03:56+00:00,205,0.1
2026-06-11T18:03:56+00:00,206,0.1
2026-06-11T18:03:56+00:00,207,0.1
2026-06-11T18:03:56+00:00,208,0.1
2026-06-11T18:03:56+00:00,209,0.0
2026-06-11T18:03:56+00:00,210,0.0
2026-06-11T18:03:56+00:00,211,0.0
2026-06-11T18:03:56+00:00,214,0.1
2026-06-11T18:03:56+00:00,215,0.0
2026-06-11T18:03:56+00:00,216,0.2
2026-06-11T18:03:56+00:00,217,0.0
2026-06-11T18:03:56+00:00,218,0.0
2026-06-11T18:03:56+00:00,219,0.0
2026-06-11T18:03:56+00:00,220,0.1
2026-06-11T18:03:56+00:00,221,0.4
2026-06-11T18:03:56+00:00,223,0.1
2026-06-11T18:03:56+00:00,225,0.7
2026-06-11T18:03:56+00:00,226,1.2
2026-06-11T18:03:56+00:00,227,0.1
2026-06-11T18:03:56+00:00,228,0.1
2026-06-11T18:03:56+00:00,229,0.1
2026-06-11T18:03:56+00:00,230,0.1
2026-06-11T18:03:56+00:00,232,0.0
2026-06-11T18:03:56+00:00,233,0.0
2026-06-11T18:03:56+00:00,235,4.9
2026-06-11T18:03:56+00:00,236,0.3
2026-06-11T18:03:56+00:00,237,0.6
2026-06-11T18:03:56+00:00,238,0.1
2026-06-11T18:03:56+00:00,239,0.0
2026-06-11T18:03:56+00:00,240,0.0
2026-06-11T18:03:56+00:00,241,0.1
2026-06-11T18:03:56+00:00,242,0.0
2026-06-11T18:03:56+00:00,243,0.0
2026-06-11T18:03:56+00:00,244,0.0
2026-06-11T18:03:56+00:00,245,0.2
2026-06-11T18:03:56+00:00,246,0.2
2026-06-11T18:03:56+00:00,247,0.6
2026-06-11T18:03:56+00:00,248,7.8
2026-06-11T18:03:56+00:00,249,0.2
2026-06-11T18:03:56+00:00,250,1.3
2026-06-11T18:03:56+00:00,251,0.1
2026-06-11T18:03:56+00:00,252,4.8
2026-06-11T18:03:56+00:00,253,0.1
2026-06-11T18:03:56+00:00,256,18.9
2026-06-11T18:03:56+00:00,257,0.1
2026-06-11T18:03:56+00:00,259,2.5
2026-06-11T18:03:56+00:00,261,0.2
2026-06-11T18:03:56+00:00,262,4.4
2026-06-11T18:03:56+00:00,263,1.0
2026-06-11T18:03:56+00:00,264,0.1
2026-06-11T18:03:56+00:00,265,0.2
2026-06-11T18:03:56+00:00,266,0.1
2026-06-11T18:03:56+00:00,267,0.1
2026-06-11T18:03:56+00:00,268,0.0
2026-06-11T18:03:56+00:00,269,0.4
2026-06-11T18:03:56+00:00,270,4.9
2026-06-11T18:03:56+00:00,271,0.1
2026-06-11T18:03:56+00:00,272,0.6
2026-06-11T18:03:56+00:00,273,0.0
2026-06-11T18:03:56+00:00,274,0.1
2026-06-11T18:03:56+00:00,275,0.3
2026-06-11T18:03:56+00:00,276,0.0
2026-06-11T18:03:56+00:00,277,0.0
2026-06-11T18:03:56+00:00,278,0.0
2026-06-11T18:03:56+00:00,281,0.2
2026-06-11T18:03:56+00:00,282,0.0
2026-06-11T18:03:56+00:00,283,0.1
2026-06-11T18:03:56+00:00,284,0.0
2026-06-11T18:03:56+00:00,285,0.1
2026-06-11T18:03:56+00:00,287,0.0
2026-06-11T18:03:56+00:00,288,0.0
2026-06-11T18:03:56+00:00,289,0.2
2026-06-11T18:03:56+00:00,290,0.1
2026-06-11T18:03:56+00:00,291,0.0
2026-06-11T18:03:56+00:00,292,0.0
2026-06-11T18:03:56+00:00,293,0.0
2026-06-11T18:03:56+00:00,294,0.1
2026-06-11T18:03:56+00:00,295,0.0
2026-06-11T18:03:56+00:00,296,0.0
2026-06-11T18:03:56+00:00,297,0.0
2026-06-11T18:03:56+00:00,298,0.1
2026-06-11T18:03:56+00:00,299,0.3
2026-06-11T18:03:56+00:00,300,0.2
2026-06-11T18:03:56+00:00,301,0.4
2026-06-11T18:03:56+00:00,302,0.0
2026-06-11T18:03:56+00:00,303,1.1
2026-06-11T18:03:56+00:00,304,0.1
2026-06-11T18:03:56+00:00,305,0.3
2026-06-11T18:03:56+00:00,306,0.0
2026-06-11T18:03:56+00:00,307,1.2
2026-06-11T18:03:56+00:00,308,0.2
2026-06-11T18:03:56+00:00,309,0.0
2026-06-11T18:03:56+00:00,310,0.8
2026-06-11T18:03:56+00:00,311,0.1
2026-06-11T18:03:56+00:00,312,0.1
2026-06-11T18:03:56+00:00,314,0.2
2026-06-11T18:03:56+00:00,316,0.2
2026-06-11T18:03:56+00:00,317,0.3
2026-06-11T18:03:56+00:00,318,0.1
2026-06-11T18:03:56+00:00,319,0.0
2026-06-11T18:03:56+00:00,320,0.0
2026-06-11T18:03:56+00:00,321,0.1
2026-06-11T18:03:56+00:00,322,0.2
2026-06-11T18:03:56+00:00,323,0.2
2026-06-11T18:03:56+00:00,324,0.8
2026-06-11T18:03:56+00:00,325,0.5
2026-06-11T18:03:56+00:00,326,0.0
2026-06-11T18:03:56+00:00,327,0.3
2026-06-11T18:03:56+00:00,328,0.3
2026-06-11T18:03:56+00:00,329,0.0
2026-06-11T18:03:56+00:00,330,1.1
2026-06-11T18:03:56+00:00,332,0.2
2026-06-11T18:03:56+00:00,333,0.2
2026-06-11T18:03:56+00:00,334,0.5
2026-06-11T18:03:56+00:00,335,0.1
2026-06-11T18:03:56+00:00,336,0.1
2026-06-11T18:03:56+00:00,337,0.1
2026-06-11T18:03:56+00:00,338,1.5
2026-06-11T18:03:56+00:00,339,0.1
2026-06-11T18:03:56+00:00,341,0.1
2026-06-11T18:03:56+00:00,342,0.0
2026-06-11T18:03:56+00:00,343,0.0
2026-06-11T18:03:56+00:00,344,0.0
2026-06-11T18:03:56+00:00,345,0.0
2026-06-11T18:03:56+00:00,346,2.6
2026-06-11T18:03:56+00:00,347,0.1
2026-06-11T18:03:56+00:00,348,0.2
2026-06-11T18:03:56+00:00,350,0.5
2026-06-11T18:03:56+00:00,351,0.0
2026-06-11T18:03:56+00:00,352,0.2
2026-06-11T18:03:56+00:00,353,0.0
2026-06-11T18:03:56+00:00,354,0.0
2026-06-11T18:03:56+00:00,355,0.0
2026-06-11T18:03:56+00:00,356,0.0
2026-06-11T18:03:56+00:00,357,0.1
2026-06-11T18:03:56+00:00,358,0.1
2026-06-11T18:03:56+00:00,359,0.0
2026-06-11T18:03:56+00:00,360,0.0
2026-06-11T18:03:56+00:00,361,0.0
2026-06-11T18:03:56+00:00,362,0.0
2026-06-11T18:03:56+00:00,363,0.0
2026-06-11T18:03:56+00:00,364,0.0
2026-06-11T18:03:56+00:00,365,0.0
2026-06-11T18:03:56+00:00,366,0.4
2026-06-11T18:03:56+00:00,367,0.1
2026-06-11T18:03:56+00:00,368,0.1
2026-06-11T18:03:56+00:00,369,0.0
2026-06-11T18:03:56+00:00,370,0.2
2026-06-11T18:03:56+00:00,371,0.0
2026-06-11T18:03:56+00:00,372,0.0
2026-06-11T18:03:56+00:00,373,0.0
2026-06-11T18:03:56+00:00,374,0.5
2026-06-11T18:03:56+00:00,375,0.0
2026-06-11T18:03:56+00:00,376,0.0
2026-06-11T18:03:56+00:00,378,0.0
2026-06-11T18:03:56+00:00,379,0.0
2026-06-11T18:03:56+00:00,380,3.0
2026-06-11T18:03:56+00:00,381,0.2
2026-06-11T18:03:56+00:00,382,0.8
2026-06-11T18:03:56+00:00,383,0.0
2026-06-11T18:03:56+00:00,384,0.1
2026-06-11T18:03:56+00:00,386,0.0
2026-06-11T18:03:56+00:00,387,0.4
2026-06-11T18:03:56+00:00,388,0.1
2026-06-11T18:03:56+00:00,390,0.0
2026-06-11T18:03:56+00:00,391,0.0
2026-06-11T18:03:56+00:00,392,0.0
2026-06-11T18:03:56+00:00,393,0.5
2026-06-11T18:03:56+00:00,395,0.0
2026-06-11T18:03:56+00:00,396,0.0
2026-06-11T18:03:56+00:00,397,0.2
2026-06-11T18:03:56+00:00,398,0.0
2026-06-11T18:03:56+00:00,399,0.0
2026-06-11T18:03:56+00:00,400,2.7
2026-06-11T18:03:56+00:00,403,0.1
2026-06-11T18:03:56+00:00,404,2.0
2026-06-11T18:03:56+00:00,405,0.1
2026-06-11T18:03:56+00:00,406,0.0
2026-06-11T18:03:56+00:00,407,0.1
2026-06-11T18:03:56+00:00,411,0.5
2026-06-11T18:03:56+00:00,412,0.6
2026-06-11T18:03:56+00:00,413,0.0
2026-06-11T18:03:56+00:00,414,0.1
2026-06-11T18:03:56+00:00,415,0.2
2026-06-11T18:03:56+00:00,416,0.1
2026-06-11T18:03:56+00:00,417,0.1
2026-06-11T18:03:56+00:00,419,0.0
2026-06-11T18:03:56+00:00,420,0.6
2026-06-11T18:03:56+00:00,421,0.3
2026-06-11T18:03:56+00:00,423,4.9
2026-06-11T18:03:56+00:00,424,0.2
2026-06-11T18:03:56+00:00,425,0.1
2026-06-11T18:03:56+00:00,427,0.1
2026-06-11T18:03:56+00:00,428,0.0
2026-06-11T18:03:56+00:00,429,0.0
2026-06-11T18:03:56+00:00,430,1.5
2026-06-11T18:03:56+00:00,432,0.1
2026-06-11T18:03:56+00:00,433,0.3
2026-06-11T18:03:56+00:00,434,0.1
2026-06-11T18:03:56+00:00,435,0.4
2026-06-11T18:03:56+00:00,436,0.0
2026-06-11T18:03:56+00:00,437,0.4
2026-06-11T18:03:56+00:00,438,0.2
2026-06-11T18:03:56+00:00,439,0.4
2026-06-11T18:03:56+00:00,440,0.1
2026-06-11T18:03:56+00:00,441,0.0
2026-06-11T18:03:56+00:00,442,0.1
2026-06-11T18:03:56+00:00,444,0.4
2026-06-11T18:03:56+00:00,445,1.8
2026-06-11T18:03:56+00:00,447,0.1
2026-06-11T18:03:56+00:00,448,0.1
2026-06-11T18:03:56+00:00,451,0.3
2026-06-11T18:03:56+00:00,452,0.0
2026-06-11T18:03:56+00:00,453,1.6
2026-06-11T18:03:56+00:00,454,0.1
2026-06-11T18:03:56+00:00,455,0.0
2026-06-11T18:03:56+00:00,456,0.0
2026-06-11T18:03:56+00:00,457,12.0
2026-06-11T18:03:56+00:00,459,0.2
2026-06-11T18:03:56+00:00,461,7.4
2026-06-11T18:03:56+00:00,462,0.4
2026-06-11T18:03:56+00:00,463,1.0
2026-06-11T18:03:56+00:00,466,1.3
2026-06-11T18:03:56+00:00,467,0.4
2026-06-11T18:03:56+00:00,468,36.4
2026-06-11T18:03:56+00:00,469,4.8
2026-06-11T18:03:56+00:00,471,2.0
2026-06-11T18:03:56+00:00,474,1.5
2026-06-11T18:03:56+00:00,475,0.8
2026-06-11T18:03:56+00:00,476,0.3
2026-06-11T18:03:56+00:00,477,14.8
2026-06-11T18:03:56+00:00,478,0.3
2026-06-11T18:03:56+00:00,479,0.5
2026-06-11T18:03:56+00:00,482,0.2
2026-06-11T18:03:56+00:00,485,0.5
2026-06-11T18:03:56+00:00,486,0.9
2026-06-11T18:03:56+00:00,488,7.2
2026-06-11T18:03:56+00:00,491,9.0
2026-06-11T18:03:56+00:00,492,3.4
2026-06-11T18:03:56+00:00,493,0.4
2026-06-11T18:03:56+00:00,494,4.6
2026-06-11T18:03:56+00:00,495,2.0
2026-06-11T18:03:56+00:00,496,2.5
2026-06-11T18:03:56+00:00,498,0.9
2026-06-11T18:03:56+00:00,499,0.5
2026-06-11T18:03:56+00:00,500,49.4
2026-06-11T18:03:56+00:00,501,16.6
2026-06-11T18:03:56+00:00,502,0.6
2026-06-11T18:03:56+00:00,505,3.4
2026-06-11T18:03:56+00:00,506,9.1
2026-06-11T18:03:56+00:00,508,0.2
2026-06-11T18:03:56+00:00,509,1.1
2026-06-11T18:03:56+00:00,510,0.3
2026-06-11T18:03:56+00:00,511,0.3
2026-06-11T18:03:56+00:00,512,0.1
2026-06-11T18:03:56+00:00,514,0.0
2026-06-11T18:03:56+00:00,515,0.9
2026-06-11T18:03:56+00:00,516,7.2
2026-06-11T18:03:56+00:00,517,34.3
2026-06-11T18:03:56+00:00,518,0.3
2026-06-11T18:03:56+00:00,519,0.2
2026-06-11T18:03:56+00:00,520,10.0
2026-06-11T18:03:56+00:00,521,2.1
2026-06-11T18:03:56+00:00,522,0.7
2026-06-11T18:03:56+00:00,523,4.1
2026-06-11T18:03:56+00:00,525,0.7
2026-06-11T18:03:56+00:00,526,4.0
2026-06-11T18:03:56+00:00,527,0.3
2026-06-11T18:03:56+00:00,528,15.4
2026-06-11T18:03:56+00:00,529,2.2
2026-06-11T18:03:56+00:00,531,0.8
2026-06-11T18:03:56+00:00,532,1.2
2026-06-11T18:03:56+00:00,533,0.4
2026-06-11T18:03:56+00:00,534,0.3
2026-06-11T18:03:56+00:00,538,0.2
2026-06-11T18:03:56+00:00,540,0.4
2026-06-11T18:03:56+00:00,542,34.4
2026-06-11T18:03:56+00:00,543,23.6
2026-06-11T18:03:56+00:00,565,0.1
2026-06-11T18:03:56+00:00,569,0.0
2026-06-11T18:03:56+00:00,570,0.0
2026-06-11T18:03:56+00:00,571,0.1
2026-06-11T18:03:56+00:00,572,0.0
2026-06-11T18:03:56+00:00,573,0.0
2026-06-11T18:03:56+00:00,574,0.0
2026-06-11T18:03:56+00:00,575,0.0
2026-06-11T18:03:56+00:00,576,0.0
2026-06-11T18:03:56+00:00,577,0.1
2026-06-11T18:03:56+00:00,578,0.1
2026-06-11T18:03:56+00:00,580,0.0
2026-06-11T18:03:56+00:00,581,0.3
2026-06-11T18:03:56+00:00,582,1.1
2026-06-11T18:03:56+00:00,583,0.1
2026-06-11T18:03:56+00:00,584,0.0
2026-06-11T18:03:56+00:00,585,0.0
2026-06-11T18:03:56+00:00,586,0.0
2026-06-11T18:03:56+00:00,588,0.0
2026-06-11T18:03:56+00:00,589,0.0
2026-06-11T18:03:56+00:00,590,0.1
2026-06-11T18:03:56+00:00,591,0.1
2026-06-11T18:03:56+00:00,592,0.0
2026-06-11T18:03:56+00:00,593,0.1
2026-06-11T18:03:56+00:00,594,0.1
2026-06-11T18:03:56+00:00,595,0.0
2026-06-11T18:03:56+00:00,596,0.0
2026-06-11T18:03:56+00:00,597,0.3
2026-06-11T18:03:56+00:00,598,0.0
2026-06-11T18:03:56+00:00,599,0.0
2026-06-11T18:03:56+00:00,600,0.0
2026-06-11T18:03:56+00:00,601,0.0
2026-06-11T18:03:56+00:00,603,0.0
2026-06-11T18:03:56+00:00,606,0.1
2026-06-11T18:03:56+00:00,608,0.1
2026-06-11T18:03:56+00:00,609,0.0
2026-06-11T18:03:56+00:00,610,0.6
2026-06-11T18:03:56+00:00,611,0.0
2026-06-11T18:03:56+00:00,612,0.1
2026-06-11T18:03:56+00:00,614,0.0
2026-06-11T18:03:56+00:00,615,0.0
2026-06-11T18:03:56+00:00,616,0.0
2026-06-11T18:03:56+00:00,618,0.0
2026-06-11T18:03:56+00:00,620,0.2
2026-06-11T18:03:56+00:00,621,0.0
2026-06-11T18:03:56+00:00,622,0.0
2026-06-11T18:03:56+00:00,623,0.0
2026-06-11T18:03:56+00:00,624,0.0
2026-06-11T18:03:56+00:00,625,0.0
2026-06-11T18:03:56+00:00,626,0.0
2026-06-11T18:03:56+00:00,627,0.0
2026-06-11T18:03:56+00:00,629,0.0
2026-06-11T18:03:56+00:00,630,0.0
2026-06-11T18:03:56+00:00,631,0.0
2026-06-11T18:03:56+00:00,632,0.0
2026-06-11T18:03:56+00:00,633,0.0
2026-06-11T18:03:56+00:00,634,0.0
2026-06-11T18:03:56+00:00,635,0.0
2026-06-11T18:03:56+00:00,636,0.0
2026-06-11T18:03:56+00:00,637,0.1
2026-06-11T18:03:56+00:00,638,0.0
2026-06-11T18:03:56+00:00,639,0.0
2026-06-11T18:03:56+00:00,640,0.0
2026-06-11T18:03:56+00:00,641,0.0
2026-06-11T18:03:56+00:00,642,0.0
2026-06-11T18:03:56+00:00,643,0.0
2026-06-11T18:03:56+00:00,644,0.1
2026-06-11T18:03:56+00:00,645,0.0
2026-06-11T18:03:56+00:00,646,0.1
2026-06-11T18:03:56+00:00,647,0.1
2026-06-11T18:03:56+00:00,648,0.1
2026-06-11T18:03:56+00:00,649,0.0
2026-06-11T18:03:56+00:00,650,0.0
2026-06-11T18:03:56+00:00,651,0.0
2026-06-11T18:03:56+00:00,652,0.2
2026-06-11T18:03:56+00:00,653,0.0
2026-06-11T18:03:56+00:00,654,0.0
2026-06-11T18:03:56+00:00,655,0.0
2026-06-11T18:03:56+00:00,656,0.1
2026-06-11T18:03:56+00:00,657,0.0
2026-06-11T18:03:56+00:00,659,0.1
2026-06-11T18:03:56+00:00,662,0.2
2026-06-11T18:03:56+00:00,663,0.2
2026-06-11T18:03:56+00:00,665,0.4
2026-06-11T18:03:56+00:00,666,0.0
2026-06-11T18:03:56+00:00,667,0.1
2026-06-11T18:03:56+00:00,668,0.8
2026-06-11T18:03:56+00:00,669,1.3
2026-06-11T18:03:56+00:00,670,1.1
2026-06-11T18:03:56+00:00,671,0.3
2026-06-11T18:03:56+00:00,672,0.7
2026-06-11T18:03:56+00:00,673,0.2
2026-06-11T18:03:56+00:00,675,0.1
2026-06-11T18:03:56+00:00,676,0.2
2026-06-11T18:03:56+00:00,677,1.9
2026-06-11T18:03:56+00:00,678,0.3
2026-06-11T18:03:56+00:00,679,0.1
2026-06-11T18:03:56+00:00,680,0.8
2026-06-11T18:03:56+00:00,681,1.1
2026-06-11T18:03:56+00:00,682,0.3
2026-06-11T18:03:56+00:00,684,1.0
2026-06-11T18:03:56+00:00,685,0.0
2026-06-11T18:03:56+00:00,686,0.0
2026-06-11T18:03:56+00:00,687,0.0
2026-06-11T18:03:56+00:00,688,0.0
2026-06-11T18:03:56+00:00,689,0.0
2026-06-11T18:03:56+00:00,690,0.1
2026-06-11T18:03:56+00:00,691,0.0
2026-06-11T18:03:56+00:00,692,0.1
2026-06-11T18:03:56+00:00,693,0.0
2026-06-11T18:03:56+00:00,695,0.0
2026-06-11T18:03:56+00:00,696,0.0
2026-06-11T18:03:56+00:00,697,0.0
2026-06-11T18:03:56+00:00,698,0.0
2026-06-11T18:03:56+00:00,699,0.0
2026-06-11T18:03:56+00:00,700,0.0
2026-06-11T18:03:56+00:00,701,0.1
2026-06-11T18:03:56+00:00,702,0.0
2026-06-11T18:03:56+00:00,703,0.0
2026-06-11T18:03:56+00:00,705,0.0
2026-06-11T18:03:56+00:00,707,0.1
2026-06-11T18:03:56+00:00,708,0.0
2026-06-11T18:03:56+00:00,709,0.0
2026-06-11T18:03:56+00:00,710,0.1
2026-06-11T18:03:56+00:00,713,0.0
2026-06-11T18:03:56+00:00,714,0.0
2026-06-11T18:03:56+00:00,715,2.1
2026-06-11T18:03:56+00:00,716,0.1
2026-06-11T18:03:56+00:00,717,0.0
2026-06-11T18:03:56+00:00,718,0.0
2026-06-11T18:03:56+00:00,719,0.0
2026-06-11T18:03:56+00:00,720,0.0
2026-06-11T18:03:56+00:00,722,0.1
2026-06-11T18:03:56+00:00,723,2.2
2026-06-11T18:03:56+00:00,724,0.2
2026-06-11T18:03:56+00:00,725,0.0
2026-06-11T18:03:56+00:00,726,0.1
2026-06-11T18:03:56+00:00,727,0.0
2026-06-11T18:03:56+00:00,728,0.0
2026-06-11T18:03:56+00:00,729,0.2
2026-06-11T18:03:56+00:00,730,0.1
2026-06-11T18:03:56+00:00,731,0.1
2026-06-11T18:03:56+00:00,732,0.0
2026-06-11T18:03:56+00:00,733,0.0
2026-06-11T18:03:56+00:00,735,0.0
2026-06-11T18:03:56+00:00,736,0.5
2026-06-11T18:03:56+00:00,737,0.1
2026-06-11T18:03:56+00:00,738,0.3
2026-06-11T18:03:56+00:00,740,3.5
2026-06-11T18:03:56+00:00,741,0.5
2026-06-11T18:03:56+00:00,742,0.6
2026-06-11T18:03:56+00:00,743,0.9
2026-06-11T18:03:56+00:00,744,0.4
2026-06-11T18:03:56+00:00,745,0.0
2026-06-11T18:03:56+00:00,746,0.0
2026-06-11T18:03:56+00:00,747,0.0
2026-06-11T18:03:56+00:00,748,3.4
2026-06-11T18:03:56+00:00,749,0.0
2026-06-11T18:03:56+00:00,750,0.5
2026-06-11T18:03:56+00:00,751,0.2
2026-06-11T18:03:56+00:00,752,0.1
2026-06-11T18:03:56+00:00,753,0.2
2026-06-11T18:03:56+00:00,754,0.2
2026-06-11T18:03:56+00:00,755,4.8
2026-06-11T18:03:56+00:00,756,0.3
2026-06-11T18:03:56+00:00,757,4.9
2026-06-11T18:03:56+00:00,758,1.3
2026-06-11T18:03:56+00:00,759,0.1
2026-06-11T18:03:56+00:00,760,0.0
2026-06-11T18:03:56+00:00,761,0.0
2026-06-11T18:03:56+00:00,762,0.1
2026-06-11T18:03:56+00:00,763,0.4
2026-06-11T18:03:56+00:00,765,0.0
2026-06-11T18:03:56+00:00,766,0.0
2026-06-11T18:03:56+00:00,770,0.0
2026-06-11T18:03:56+00:00,773,0.0
2026-06-11T18:03:56+00:00,774,0.0
2026-06-11T18:03:56+00:00,775,0.0
2026-06-11T18:03:56+00:00,777,0.2
2026-06-11T18:03:56+00:00,782,0.3
2026-06-11T18:03:56+00:00,783,0.0
2026-06-11T18:03:56+00:00,784,0.0
2026-06-11T18:03:56+00:00,787,0.0
2026-06-11T18:03:56+00:00,792,0.5
2026-06-11T18:03:56+00:00,793,0.0
2026-06-11T18:03:56+00:00,794,0.0
2026-06-11T18:03:56+00:00,795,15.2
2026-06-11T18:03:56+00:00,796,19.9
2026-06-11T18:03:56+00:00,797,4.9
2026-06-11T18:03:56+00:00,798,2.5
2026-06-11T18:03:56+00:00,799,0.1
2026-06-11T18:03:56+00:00,800,0.0
2026-06-11T18:03:56+00:00,801,0.0
2026-06-11T18:03:56+00:00,802,1.1
2026-06-11T18:03:56+00:00,803,0.3
2026-06-11T18:03:56+00:00,804,3.9
2026-06-11T18:03:56+00:00,805,1.3
2026-06-11T18:03:56+00:00,806,0.1
2026-06-11T18:03:56+00:00,807,0.2
2026-06-11T18:03:56+00:00,808,0.3
2026-06-11T18:03:56+00:00,809,3.2
2026-06-11T18:03:56+00:00,810,0.3
2026-06-11T18:03:56+00:00,811,0.0
2026-06-11T18:03:56+00:00,812,0.9
2026-06-11T18:03:56+00:00,813,0.0
2026-06-11T18:03:56+00:00,814,0.1
2026-06-11T18:03:56+00:00,815,0.0
2026-06-11T18:03:56+00:00,816,1.5
2026-06-11T18:03:56+00:00,817,0.4
2026-06-11T18:03:56+00:00,818,0.0
2026-06-11T18:03:56+00:00,820,0.0
2026-06-11T18:03:56+00:00,821,0.0
2026-06-11T18:03:56+00:00,822,0.0
2026-06-11T18:03:56+00:00,823,0.0
2026-06-11T18:03:56+00:00,825,0.0
2026-06-11T18:03:56+00:00,826,0.0
2026-06-11T18:03:56+00:00,827,0.4
2026-06-11T18:03:56+00:00,829,0.1
2026-06-11T18:03:56+00:00,830,0.0
2026-06-11T18:03:56+00:00,831,0.0
2026-06-11T18:03:56+00:00,832,0.1
2026-06-11T18:03:56+00:00,833,0.0
2026-06-11T18:03:56+00:00,834,0.0
2026-06-11T18:03:56+00:00,835,0.1
2026-06-11T18:03:56+00:00,836,1.6
2026-06-11T18:03:56+00:00,838,0.1
2026-06-11T18:03:56+00:00,839,0.1
2026-06-11T18:03:56+00:00,840,0.0
2026-06-11T18:03:56+00:00,841,0.3
2026-06-11T18:03:56+00:00,843,0.8
2026-06-11T18:03:56+00:00,844,0.0
2026-06-11T18:03:56+00:00,845,0.1
2026-06-11T18:03:56+00:00,846,0.8
2026-06-11T18:03:56+00:00,847,7.8
2026-06-11T18:03:56+00:00,848,0.1
2026-06-11T18:03:56+00:00,849,0.2
2026-06-11T18:03:56+00:00,850,1.7
2026-06-11T18:03:56+00:00,851,0.3
2026-06-11T18:03:56+00:00,852,0.3
2026-06-11T18:03:56+00:00,854,0.3
2026-06-11T18:03:56+00:00,855,33.6
2026-06-11T18:03:56+00:00,856,1.4
2026-06-11T18:03:56+00:00,857,0.2
2026-06-11T18:03:56+00:00,858,0.2
2026-06-11T18:03:56+00:00,859,2.5
2026-06-11T18:03:56+00:00,860,0.1
2026-06-11T18:03:56+00:00,862,0.1
2026-06-11T18:03:56+00:00,863,3.4
2026-06-11T18:03:56+00:00,864,0.0
2026-06-11T18:03:56+00:00,865,0.0
2026-06-11T18:03:56+00:00,866,0.0
2026-06-11T18:03:56+00:00,867,0.0
2026-06-11T18:03:56+00:00,868,0.0
2026-06-11T18:03:56+00:00,869,0.0
2026-06-11T18:03:56+00:00,870,0.9
2026-06-11T18:03:56+00:00,871,0.3
2026-06-11T18:03:56+00:00,872,0.1
2026-06-11T18:03:56+00:00,873,0.1
2026-06-11T18:03:56+00:00,874,0.0
2026-06-11T18:03:56+00:00,875,0.1
2026-06-11T18:03:56+00:00,876,0.1
2026-06-11T18:03:56+00:00,877,0.0
2026-06-11T18:03:56+00:00,878,0.0
2026-06-11T18:03:56+00:00,879,0.1
2026-06-11T18:03:56+00:00,880,0.0
2026-06-11T18:03:56+00:00,881,0.8
2026-06-11T18:03:56+00:00,882,0.0
2026-06-11T18:03:56+00:00,883,0.0
2026-06-11T18:03:56+00:00,884,0.2
2026-06-11T18:03:56+00:00,885,0.1
2026-06-11T18:03:56+00:00,886,0.0
2026-06-11T18:03:56+00:00,887,0.1
2026-06-11T18:03:56+00:00,888,0.0
2026-06-11T18:03:56+00:00,889,0.1
2026-06-11T18:03:56+00:00,890,0.0
2026-06-11T18:03:56+00:00,891,0.0
2026-06-11T18:03:56+00:00,892,0.0
2026-06-11T18:03:56+00:00,893,0.3
2026-06-11T18:03:56+00:00,894,0.1
2026-06-11T18:03:56+00:00,895,0.3
2026-06-11T18:03:56+00:00,896,0.3
2026-06-11T18:03:56+00:00,897,0.0
2026-06-11T18:03:56+00:00,898,0.0
2026-06-11T18:03:56+00:00,899,0.1
2026-06-11T18:03:56+00:00,900,0.1
2026-06-11T18:03:56+00:00,901,0.3
2026-06-11T18:03:56+00:00,902,0.1
2026-06-11T18:03:56+00:00,903,0.0
2026-06-11T18:03:56+00:00,904,0.1
2026-06-11T18:03:56+00:00,905,0.1
2026-06-11T18:03:56+00:00,906,0.0
2026-06-11T18:03:56+00:00,907,0.1
2026-06-11T18:03:56+00:00,908,0.3
2026-06-11T18:03:56+00:00,909,0.1
2026-06-11T18:03:56+00:00,910,0.4
2026-06-11T18:03:56+00:00,911,0.0
2026-06-11T18:03:56+00:00,912,0.2
2026-06-11T18:03:56+00:00,913,0.2
2026-06-11T18:03:56+00:00,915,0.0
2026-06-11T18:03:56+00:00,916,42.0
2026-06-11T18:03:56+00:00,917,8.0
2026-06-11T18:03:56+00:00,918,2.5
2026-06-11T18:03:56+00:00,919,1.5
2026-06-11T18:03:56+00:00,921,0.1
2026-06-11T18:03:56+00:00,922,0.1
2026-06-11T18:03:56+00:00,923,0.8
2026-06-11T18:03:56+00:00,924,2.1
2026-06-11T18:03:56+00:00,925,0.6
2026-06-11T18:03:56+00:00,926,0.1
2026-06-11T18:03:56+00:00,927,0.1
2026-06-11T18:03:56+00:00,928,0.3
2026-06-11T18:03:56+00:00,931,0.7
2026-06-11T18:03:56+00:00,932,0.5
2026-06-11T18:03:56+00:00,933,0.0
2026-06-11T18:03:56+00:00,934,0.3
2026-06-11T18:03:56+00:00,935,0.1
2026-06-11T18:03:56+00:00,936,11.3
2026-06-11T18:03:56+00:00,937,4.4
2026-06-11T18:03:56+00:00,939,51.6
2026-06-11T18:03:56+00:00,942,0.1
2026-06-11T18:03:56+00:00,943,0.0
2026-06-11T18:03:56+00:00,944,0.0
2026-06-11T18:03:56+00:00,946,0.0
2026-06-11T18:03:56+00:00,947,0.0
2026-06-11T18:03:56+00:00,948,0.0
2026-06-11T18:03:56+00:00,949,0.0
2026-06-11T18:03:56+00:00,950,0.0
2026-06-11T18:03:56+00:00,951,0.0
2026-06-11T18:03:56+00:00,952,0.0
2026-06-11T18:03:56+00:00,954,0.0
2026-06-11T18:03:56+00:00,955,0.0
2026-06-11T18:03:56+00:00,957,0.0
2026-06-11T18:03:56+00:00,958,0.1
2026-06-11T18:03:56+00:00,959,0.0
2026-06-11T18:03:56+00:00,960,0.1
2026-06-11T18:03:56+00:00,961,0.0
2026-06-11T18:03:56+00:00,962,0.0
2026-06-11T18:03:56+00:00,963,0.0
2026-06-11T18:03:56+00:00,966,0.0
2026-06-11T18:03:56+00:00,968,0.0
2026-06-11T18:03:56+00:00,969,0.0
2026-06-11T18:03:56+00:00,970,0.0
2026-06-11T18:03:56+00:00,971,0.1
2026-06-11T18:03:56+00:00,972,0.5
2026-06-11T18:03:56+00:00,977,0.0
2026-06-11T18:03:56+00:00,978,0.0
2026-06-11T18:03:56+00:00,980,0.0
2026-06-11T18:03:56+00:00,982,0.0
2026-06-11T18:03:56+00:00,983,0.2
2026-06-11T18:03:56+00:00,984,0.0
2026-06-11T18:03:56+00:00,985,0.0
2026-06-11T18:03:56+00:00,986,0.0
2026-06-11T18:03:56+00:00,987,0.1
2026-06-11T18:03:56+00:00,991,0.1
2026-06-11T18:03:56+00:00,992,0.0
2026-06-11T18:03:56+00:00,993,0.1
2026-06-11T18:03:56+00:00,994,0.0
2026-06-11T18:03:56+00:00,995,0.1
2026-06-11T18:03:56+00:00,997,0.0
2026-06-11T18:03:56+00:00,999,0.2
2026-06-11T18:03:56+00:00,1000,0.0
2026-06-11T18:03:56+00:00,1001,0.3
2026-06-11T18:03:56+00:00,1003,1.9
2026-06-11T18:03:56+00:00,1005,0.0
2026-06-11T18:03:56+00:00,1007,0.1
2026-06-11T18:03:56+00:00,1008,0.1
2026-06-11T18:03:56+00:00,1009,5.0
2026-06-11T18:03:56+00:00,1010,0.9
2026-06-11T18:03:56+00:00,1011,0.3
2026-06-11T18:03:56+00:00,1012,0.1
2026-06-11T18:03:56+00:00,1013,0.1
2026-06-11T18:03:56+00:00,1014,0.2
2026-06-11T18:03:56+00:00,1015,0.0
2026-06-11T18:03:56+00:00,1016,0.1
2026-06-11T18:03:56+00:00,1018,0.5
2026-06-11T18:03:56+00:00,1019,0.3
2026-06-11T18:03:56+00:00,1021,0.1
2026-06-11T18:03:56+00:00,1022,0.1
2026-06-11T18:03:56+00:00,1023,0.4
2026-06-11T18:03:56+00:00,1024,0.3
2026-06-11T18:03:56+00:00,1025,1.8
2026-06-11T18:03:56+00:00,1027,10.8
2026-06-11T18:03:56+00:00,1028,0.2
2026-06-11T18:03:56+00:00,1029,0.3
2026-06-11T18:03:56+00:00,1030,0.4
2026-06-11T18:03:56+00:00,1031,0.0
2026-06-11T18:03:56+00:00,1032,0.1
2026-06-11T18:03:56+00:00,1033,0.3
2026-06-11T18:03:56+00:00,1034,0.1
2026-06-11T18:03:56+00:00,1035,0.7
2026-06-11T18:03:56+00:00,1036,0.0
2026-06-11T18:03:56+00:00,1037,0.8
2026-06-11T18:03:56+00:00,1038,0.0
2026-06-11T18:03:56+00:00,1039,0.2
2026-06-11T18:03:56+00:00,1041,0.4
2026-06-11T18:03:56+00:00,1042,0.6
2026-06-11T18:03:56+00:00,1043,0.5
2026-06-11T18:03:56+00:00,1046,0.1
2026-06-11T18:03:56+00:00,1047,0.1
2026-06-11T18:03:56+00:00,1048,0.1
2026-06-11T18:03:56+00:00,1049,0.1
2026-06-11T18:03:56+00:00,1051,1.1
2026-06-11T18:03:56+00:00,1052,0.1
2026-06-11T18:03:56+00:00,1053,0.0
2026-06-11T18:03:56+00:00,1054,0.0
2026-06-11T18:03:56+00:00,1055,0.0
2026-06-11T18:03:56+00:00,1056,0.1
2026-06-11T18:03:56+00:00,1057,4.3
2026-06-11T18:03:56+00:00,1058,0.2
2026-06-11T18:03:56+00:00,1059,0.1
2026-06-11T18:03:56+00:00,1060,0.0
2026-06-11T18:03:56+00:00,1061,0.0
2026-06-11T18:03:56+00:00,1062,0.0
2026-06-11T18:03:56+00:00,1063,0.1
2026-06-11T18:03:56+00:00,1064,0.0
2026-06-11T18:03:56+00:00,1065,0.1
2026-06-11T18:03:56+00:00,1066,0.0
2026-06-11T18:03:56+00:00,1067,0.3
2026-06-11T18:03:56+00:00,1068,0.0
2026-06-11T18:03:56+00:00,1069,0.0
2026-06-11T18:03:56+00:00,1070,0.0
2026-06-11T18:03:56+00:00,1071,0.1
2026-06-11T18:03:56+00:00,1072,0.1
2026-06-11T18:03:56+00:00,1073,0.1
2026-06-11T18:03:56+00:00,1075,0.0
2026-06-11T18:03:56+00:00,1076,0.0
2026-06-11T18:03:56+00:00,1077,0.4
2026-06-11T18:03:56+00:00,1078,0.0
2026-06-11T18:03:56+00:00,1081,0.1
2026-06-11T18:03:56+00:00,1082,0.2
2026-06-11T18:03:56+00:00,1084,0.4
2026-06-11T18:03:56+00:00,1085,6.5
2026-06-11T18:03:56+00:00,1086,4.9
2026-06-11T18:03:56+00:00,1087,1.5
2026-06-11T18:03:56+00:00,1088,25.8
2026-06-11T18:03:56+00:00,1089,5.6
2026-06-11T18:03:56+00:00,1092,39.7
2026-06-11T18:03:56+00:00,1093,4.0
2026-06-11T18:03:56+00:00,1094,20.8
2026-06-11T18:03:56+00:00,1095,0.1
2026-06-11T18:03:56+00:00,1097,0.7
2026-06-11T18:03:56+00:00,1098,14.0
2026-06-11T18:03:56+00:00,1099,6.1
2026-06-11T18:03:56+00:00,1101,1.1
2026-06-11T18:03:56+00:00,1102,4.8
2026-06-11T18:03:56+00:00,1104,1.9
2026-06-11T18:03:56+00:00,1105,2.9
2026-06-11T18:03:56+00:00,1106,10.3
2026-06-11T18:03:56+00:00,1109,0.0
2026-06-11T18:03:56+00:00,1110,0.0
2026-06-11T18:03:56+00:00,1111,0.2
2026-06-11T18:03:56+00:00,1112,0.0
2026-06-11T18:03:56+00:00,1113,0.4
2026-06-11T18:03:56+00:00,1114,0.2
2026-06-11T18:03:56+00:00,1116,0.0
2026-06-11T18:03:56+00:00,1117,0.0
2026-06-11T18:03:56+00:00,1118,0.5
2026-06-11T18:03:56+00:00,1119,0.5
2026-06-11T18:03:56+00:00,1120,0.1
2026-06-11T18:03:56+00:00,1121,1.6
2026-06-11T18:03:56+00:00,1122,0.2
2026-06-11T18:03:56+00:00,1124,5.5
2026-06-11T18:03:56+00:00,1125,0.4
2026-06-11T18:03:56+00:00,1126,0.1
2026-06-11T18:03:56+00:00,1127,0.1
2026-06-11T18:03:56+00:00,1129,0.4
2026-06-11T18:03:56+00:00,1133,0.2
2026-06-11T18:03:56+00:00,1135,4.6
2026-06-11T18:03:56+00:00,1137,0.0
2026-06-11T18:03:56+00:00,1138,0.0
2026-06-11T18:03:56+00:00,1139,0.0
2026-06-11T18:03:56+00:00,1140,0.0
2026-06-11T18:03:56+00:00,1141,4.9
2026-06-11T18:03:56+00:00,1142,1.6
2026-06-11T18:03:56+00:00,1143,4.1
2026-06-11T18:03:56+00:00,1144,1.7
2026-06-11T18:03:56+00:00,1145,0.2
2026-06-11T18:03:56+00:00,1146,0.0
2026-06-11T18:03:56+00:00,1147,0.0
2026-06-11T18:03:56+00:00,1148,0.1
2026-06-11T18:03:56+00:00,1149,2.7
2026-06-11T18:03:56+00:00,1150,0.3
2026-06-11T18:03:56+00:00,1151,0.8
2026-06-11T18:03:56+00:00,1153,6.3
2026-06-11T18:03:56+00:00,1154,0.1
2026-06-11T18:03:56+00:00,1155,0.2
2026-06-11T18:03:56+00:00,1156,0.0
2026-06-11T18:03:56+00:00,1157,0.1
2026-06-11T18:03:56+00:00,1158,0.6
2026-06-11T18:03:56+00:00,1160,0.0
2026-06-11T18:03:56+00:00,1161,0.0
2026-06-11T18:03:56+00:00,1162,0.0
2026-06-11T18:03:56+00:00,1163,0.6
2026-06-11T18:03:56+00:00,1164,0.0
2026-06-11T18:03:56+00:00,1165,0.0
2026-06-11T18:03:56+00:00,1166,0.1
2026-06-11T18:03:56+00:00,1167,0.0
2026-06-11T18:03:56+00:00,1169,0.0
2026-06-11T18:03:56+00:00,1170,0.0
2026-06-11T18:03:56+00:00,1172,0.0
2026-06-11T18:03:56+00:00,1174,0.0
2026-06-11T18:03:56+00:00,1175,0.0
2026-06-11T18:03:56+00:00,1176,0.0
2026-06-11T18:03:56+00:00,1177,0.0
2026-06-11T18:03:56+00:00,1178,0.0
2026-06-11T18:03:56+00:00,1181,0.1
2026-06-11T18:03:56+00:00,1183,0.3
2026-06-11T18:03:56+00:00,1184,0.1
2026-06-11T18:03:56+00:00,1185,0.0
2026-06-11T18:03:56+00:00,1187,0.1
2026-06-11T18:03:56+00:00,1188,0.1
2026-06-11T18:03:56+00:00,1189,0.1
2026-06-11T18:03:56+00:00,1190,0.0
2026-06-11T18:03:56+00:00,1191,0.0
2026-06-11T18:03:56+00:00,1192,0.3
2026-06-11T18:03:56+00:00,1193,0.1
2026-06-11T18:03:56+00:00,1194,0.1
2026-06-11T18:03:56+00:00,1195,1.5
2026-06-11T18:03:56+00:00,1196,0.0
2026-06-11T18:03:56+00:00,1197,0.0
2026-06-11T18:03:56+00:00,1198,0.3
2026-06-11T18:03:56+00:00,1199,0.2
2026-06-11T18:03:56+00:00,1200,0.4
2026-06-11T18:03:56+00:00,1201,0.7
2026-06-11T18:03:56+00:00,1202,0.0
2026-06-11T18:03:56+00:00,1203,0.0
2026-06-11T18:03:56+00:00,1204,3.5
2026-06-11T18:03:56+00:00,1205,0.2
2026-06-11T18:03:56+00:00,1206,0.6
2026-06-11T18:03:56+00:00,1208,0.8
2026-06-11T18:03:56+00:00,1209,0.1
2026-06-11T18:03:56+00:00,1210,0.1
2026-06-11T18:03:56+00:00,1211,1.6
2026-06-11T18:03:56+00:00,1212,0.6
2026-06-11T18:03:56+00:00,1213,0.2
2026-06-11T18:03:56+00:00,1214,0.0
2026-06-11T18:03:56+00:00,1215,9.5
2026-06-11T18:03:56+00:00,1216,2.1
2026-06-11T18:03:56+00:00,1217,0.0
2026-06-11T18:03:56+00:00,1218,0.1
2026-06-11T18:03:56+00:00,1219,0.1
2026-06-11T18:03:56+00:00,1220,0.0
2026-06-11T18:03:56+00:00,1221,0.1
2026-06-11T18:03:56+00:00,1222,0.1
2026-06-11T18:03:56+00:00,1223,0.3
2026-06-11T18:03:56+00:00,1224,0.2
2026-06-11T18:03:56+00:00,1225,0.0
2026-06-11T18:03:56+00:00,1226,3.0
2026-06-11T18:03:56+00:00,1227,1.4
2026-06-11T18:03:56+00:00,1228,0.1
2026-06-11T18:03:56+00:00,1229,1.5
2026-06-11T18:03:56+00:00,1230,0.5
2026-06-11T18:03:56+00:00,1231,0.1
2026-06-11T18:03:56+00:00,1232,0.1
2026-06-11T18:03:56+00:00,1233,0.0
2026-06-11T18:03:56+00:00,1234,0.0
2026-06-11T18:03:56+00:00,1235,0.0
2026-06-11T18:03:56+00:00,1236,1.6
2026-06-11T18:03:56+00:00,1237,0.0
2026-06-11T18:03:56+00:00,1238,0.1
2026-06-11T18:03:56+00:00,1239,0.0
2026-06-11T18:03:56+00:00,1240,0.0
2026-06-11T18:03:56+00:00,1241,0.0
2026-06-11T18:03:56+00:00,1242,0.0
2026-06-11T18:03:56+00:00,1243,0.0
2026-06-11T18:03:56+00:00,1244,4.2
2026-06-11T18:03:56+00:00,1245,0.5
2026-06-11T18:03:56+00:00,1246,0.3
2026-06-11T18:03:56+00:00,1247,0.2
2026-06-11T18:03:56+00:00,1248,5.7
2026-06-11T18:03:56+00:00,1249,0.1
2026-06-11T18:03:56+00:00,1250,0.1
2026-06-11T18:03:56+00:00,1251,0.0
2026-06-11T18:03:56+00:00,1252,0.0
2026-06-11T18:03:56+00:00,1253,0.3
2026-06-11T18:03:56+00:00,1254,0.2
2026-06-11T18:03:56+00:00,1255,0.5
2026-06-11T18:03:56+00:00,1256,0.2
2026-06-11T18:03:56+00:00,1257,0.0
2026-06-11T18:03:56+00:00,1258,3.5
2026-06-11T18:03:56+00:00,1259,0.6
2026-06-11T18:03:56+00:00,1260,0.0
2026-06-11T18:03:56+00:00,1261,0.2
2026-06-11T18:03:56+00:00,1262,0.2
2026-06-11T18:03:56+00:00,1263,0.1
2026-06-11T18:03:56+00:00,1264,0.3
2026-06-11T18:03:56+00:00,1265,0.3
2026-06-11T18:03:56+00:00,1266,0.1
2026-06-11T18:03:56+00:00,1267,0.9
2026-06-11T18:03:56+00:00,1268,0.0
2026-06-11T18:03:56+00:00,1269,0.0
2026-06-11T18:03:56+00:00,1270,0.8
2026-06-11T18:03:56+00:00,1271,0.5
2026-06-11T18:03:56+00:00,1272,0.0
2026-06-11T18:03:56+00:00,1273,0.9
2026-06-11T18:03:56+00:00,1274,5.0
2026-06-11T18:03:56+00:00,1275,0.1
2026-06-11T18:03:56+00:00,1278,0.0
2026-06-11T18:03:56+00:00,1279,0.0
2026-06-11T18:03:56+00:00,1280,0.0
2026-06-11T18:03:56+00:00,1282,0.0
2026-06-11T18:03:56+00:00,1284,0.6
2026-06-11T18:03:56+00:00,1285,0.0
2026-06-11T18:03:56+00:00,1286,0.0
2026-06-11T18:03:56+00:00,1287,0.0
2026-06-11T18:03:56+00:00,1288,0.0
2026-06-11T18:03:56+00:00,1289,0.0
2026-06-11T18:03:56+00:00,1290,0.0
2026-06-11T18:03:56+00:00,1291,0.0
2026-06-11T18:03:56+00:00,1292,0.0
2026-06-11T18:03:56+00:00,1293,0.8
2026-06-11T18:03:56+00:00,1294,0.0
2026-06-11T18:03:56+00:00,1295,0.0
2026-06-11T18:03:56+00:00,1296,0.0
2026-06-11T18:03:56+00:00,1297,0.0
2026-06-11T18:03:56+00:00,1300,0.1
2026-06-11T18:03:56+00:00,1302,0.0
2026-06-11T18:03:56+00:00,1303,0.0
2026-06-11T18:03:56+00:00,1305,0.0
2026-06-11T18:03:56+00:00,1306,0.1
2026-06-11T18:03:56+00:00,1307,0.0
2026-06-11T18:03:56+00:00,1308,0.0
2026-06-11T18:03:56+00:00,1310,0.1
2026-06-11T18:03:56+00:00,1311,0.2
2026-06-11T18:03:56+00:00,1312,0.0
2026-06-11T18:03:56+00:00,1314,0.2
2026-06-11T18:03:56+00:00,1315,0.0
2026-06-11T18:03:56+00:00,1316,0.0
2026-06-11T18:03:56+00:00,1317,0.0
2026-06-11T18:03:56+00:00,1318,2.9
2026-06-11T18:03:56+00:00,1319,0.0
2026-06-11T18:03:56+00:00,1320,0.5
2026-06-11T18:03:56+00:00,1321,0.2
2026-06-11T18:03:56+00:00,1322,0.0
2026-06-11T18:03:56+00:00,1323,0.3
2026-06-11T18:03:56+00:00,1324,0.1
2026-06-11T18:03:56+00:00,1325,0.1
2026-06-11T18:03:56+00:00,1326,0.1
2026-06-11T18:03:56+00:00,1327,0.0
2026-06-11T18:03:56+00:00,1328,0.1
2026-06-11T18:03:56+00:00,1329,0.2
2026-06-11T18:03:56+00:00,1330,0.0
2026-06-11T18:03:56+00:00,1331,0.1
2026-06-11T18:03:56+00:00,1332,0.0
2026-06-11T18:03:56+00:00,1333,0.1
2026-06-11T18:03:56+00:00,1334,0.0
2026-06-11T18:03:56+00:00,1335,0.0
2026-06-11T18:03:56+00:00,1336,0.1
2026-06-11T18:03:56+00:00,1337,0.0
2026-06-11T18:03:56+00:00,1338,3.8
2026-06-11T18:03:56+00:00,1339,0.2
2026-06-11T18:03:56+00:00,1340,0.0
2026-06-11T18:03:56+00:00,1341,0.0
2026-06-11T18:03:56+00:00,1342,0.1
2026-06-11T18:03:56+00:00,1343,0.1
2026-06-11T18:03:56+00:00,1345,0.7
2026-06-11T18:03:56+00:00,1346,0.4
2026-06-11T18:03:56+00:00,1361,2.0
2026-06-11T18:03:56+00:00,1366,22.8
2026-06-11T18:03:56+00:00,1369,3.0
2026-06-11T18:03:56+00:00,1374,0.3
2026-06-11T18:03:56+00:00,1379,0.1
2026-06-11T18:03:56+00:00,1385,0.0
2026-06-11T18:03:56+00:00,1396,0.3
2026-06-11T18:03:56+00:00,1400,0.2
2026-06-11T18:03:56+00:00,1405,0.0
2026-06-11T18:03:56+00:00,1411,0.0
2026-06-11T18:03:56+00:00,1413,0.0
2026-06-11T18:03:56+00:00,1417,0.1
2026-06-11T18:03:56+00:00,1423,0.0
2026-06-11T18:03:56+00:00,1425,0.0
2026-06-11T18:03:56+00:00,1427,0.0
2026-06-11T18:03:56+00:00,1428,0.3
2026-06-11T18:03:56+00:00,1429,15.0
2026-06-11T18:03:56+00:00,1430,7.1
2026-06-11T18:03:56+00:00,1431,1.2
2026-06-11T18:03:56+00:00,1432,0.3
2026-06-11T18:03:56+00:00,1433,0.0
2026-06-11T18:03:56+00:00,1434,0.0
2026-06-11T18:03:56+00:00,1445,0.0
2026-06-11T18:03:56+00:00,1454,0.3
2026-06-11T18:03:56+00:00,1455,0.6
2026-06-11T18:03:56+00:00,1456,0.1
2026-06-11T18:03:56+00:00,1457,0.4
2026-06-11T18:03:56+00:00,1458,1.0
2026-06-11T18:03:56+00:00,1459,0.0
2026-06-11T18:03:56+00:00,1460,0.0
2026-06-11T18:03:56+00:00,1461,0.1
2026-06-11T18:03:56+00:00,1462,0.1
2026-06-11T18:03:56+00:00,1463,0.0
2026-06-11T18:03:56+00:00,1464,0.0
2026-06-11T18:03:56+00:00,1465,0.9
2026-06-11T18:03:56+00:00,1467,0.0
2026-06-11T18:03:56+00:00,1468,0.0
2026-06-11T18:03:56+00:00,1470,0.0
2026-06-11T18:03:56+00:00,1471,0.0
2026-06-11T18:03:56+00:00,1472,0.0
2026-06-11T18:03:56+00:00,1473,0.1
2026-06-11T18:03:56+00:00,1474,0.5
2026-06-11T18:03:56+00:00,1475,0.0
2026-06-11T18:03:56+00:00,1476,0.9
2026-06-11T18:03:56+00:00,1477,0.2
2026-06-11T18:03:56+00:00,1478,0.0
2026-06-11T18:03:56+00:00,1479,0.0
2026-06-11T18:03:56+00:00,1480,0.0
2026-06-11T18:03:56+00:00,1481,0.0
2026-06-11T18:03:56+00:00,1482,0.0
2026-06-11T18:03:56+00:00,1483,0.0
2026-06-11T18:03:56+00:00,1484,0.0
2026-06-11T18:03:56+00:00,1485,0.7
2026-06-11T18:03:56+00:00,1486,0.0
2026-06-11T18:03:56+00:00,1488,0.0
2026-06-11T18:03:56+00:00,1489,0.0
2026-06-11T18:03:56+00:00,1490,0.0
2026-06-11T18:03:56+00:00,1491,0.0
2026-06-11T18:03:56+00:00,1492,0.7
2026-06-11T18:03:56+00:00,1493,0.5
2026-06-11T18:03:56+00:00,1494,0.0
2026-06-11T18:03:56+00:00,1495,0.1
2026-06-11T18:03:56+00:00,1496,0.0
2026-06-11T18:03:56+00:00,1497,0.0
2026-06-11T18:03:56+00:00,1498,0.0
2026-06-11T18:03:56+00:00,1499,0.0
2026-06-11T18:03:56+00:00,1500,0.0
2026-06-11T18:03:56+00:00,1501,0.0
2026-06-11T18:03:56+00:00,1502,0.0
2026-06-11T18:03:56+00:00,1503,0.0
2026-06-11T18:03:56+00:00,1504,0.0
2026-06-11T18:03:56+00:00,1505,0.0
2026-06-11T18:03:56+00:00,1506,0.0
2026-06-11T18:03:56+00:00,1507,0.0
2026-06-11T18:03:56+00:00,1508,0.0
2026-06-11T18:03:56+00:00,1509,0.6
2026-06-11T18:03:56+00:00,1510,0.0
2026-06-11T18:03:56+00:00,1511,0.0
2026-06-11T18:03:56+00:00,1512,0.0
2026-06-11T18:03:56+00:00,1513,0.0
2026-06-11T18:03:56+00:00,1514,0.2
2026-06-11T18:03:56+00:00,1515,0.1
2026-06-11T18:03:56+00:00,1516,0.1
2026-06-11T18:03:56+00:00,1517,0.0
2026-06-11T18:03:56+00:00,1518,0.1
2026-06-11T18:03:56+00:00,1519,0.1
2026-06-11T18:03:56+00:00,1520,3.2
2026-06-11T18:03:56+00:00,1521,0.1
2026-06-11T18:03:56+00:00,1522,12.9
2026-06-11T18:03:56+00:00,1523,0.7
2026-06-11T18:03:56+00:00,1524,0.1
2026-06-11T18:03:56+00:00,1525,0.1
2026-06-11T18:03:56+00:00,1526,2.4
2026-06-11T18:03:56+00:00,1527,0.1
2026-06-11T18:03:56+00:00,1528,0.1
2026-06-11T18:03:56+00:00,1529,0.1
2026-06-11T18:03:56+00:00,1530,0.0
2026-06-11T18:03:56+00:00,1531,0.0
2026-06-11T18:03:56+00:00,1532,0.6
2026-06-11T18:03:56+00:00,1533,0.0
2026-06-11T18:03:56+00:00,1534,0.1
2026-06-11T18:03:56+00:00,1535,0.1
2026-06-11T18:03:56+00:00,1536,4.9
2026-06-11T18:03:56+00:00,1537,0.3
2026-06-11T18:03:56+00:00,1538,0.1
2026-06-11T18:03:56+00:00,1539,0.1
2026-06-11T18:03:56+00:00,1540,0.0
2026-06-11T18:03:56+00:00,1541,0.0
2026-06-11T18:03:56+00:00,1542,0.0
2026-06-11T18:03:56+00:00,1543,0.1
2026-06-11T18:03:56+00:00,1544,0.1
2026-06-11T18:03:56+00:00,1545,0.1
2026-06-11T18:03:56+00:00,1546,0.0
2026-06-11T18:03:56+00:00,1547,0.1
2026-06-11T18:03:56+00:00,1548,0.1
2026-06-11T18:03:56+00:00,1549,0.0
2026-06-11T18:03:56+00:00,1550,0.0
2026-06-11T18:03:56+00:00,1551,0.1
2026-06-11T18:03:56+00:00,1552,0.0
2026-06-11T18:03:56+00:00,1553,0.0
2026-06-11T18:03:56+00:00,1554,0.0
2026-06-11T18:03:56+00:00,1555,0.1
2026-06-11T18:03:56+00:00,1556,0.0
2026-06-11T18:03:56+00:00,1557,0.0
2026-06-11T18:03:56+00:00,1558,0.0
2026-06-11T18:03:56+00:00,1559,0.0
2026-06-11T18:03:56+00:00,1560,0.1
2026-06-11T18:03:56+00:00,1561,0.0
2026-06-11T18:03:56+00:00,1562,0.0
2026-06-11T18:03:56+00:00,1563,0.0
2026-06-11T18:03:56+00:00,1564,0.0
2026-06-11T18:03:56+00:00,1565,0.0
2026-06-11T18:03:56+00:00,1566,0.0
2026-06-11T18:03:56+00:00,1567,0.0
2026-06-11T18:03:56+00:00,1568,0.0
2026-06-11T18:03:56+00:00,1569,9.9
2026-06-11T18:03:56+00:00,1570,5.8
2026-06-11T18:03:56+00:00,1571,0.2
2026-06-11T18:03:56+00:00,1572,2.4
2026-06-11T18:03:56+00:00,1573,10.9
2026-06-11T18:03:56+00:00,1574,1.9
2026-06-11T18:03:56+00:00,1575,0.0
2026-06-11T18:03:56+00:00,1576,2.7
2026-06-11T18:03:56+00:00,1577,0.2
2026-06-11T18:03:56+00:00,1578,0.3
2026-06-11T18:03:56+00:00,1579,0.0
2026-06-11T18:03:56+00:00,1580,0.9
2026-06-11T18:03:56+00:00,1581,0.0
2026-06-11T18:03:56+00:00,1582,0.1
2026-06-11T18:03:56+00:00,1583,0.0
2026-06-11T18:03:56+00:00,1584,0.0
2026-06-11T18:03:56+00:00,1585,0.0
2026-06-11T18:03:56+00:00,1586,0.2
2026-06-11T18:03:56+00:00,1587,0.0
2026-06-11T18:03:56+00:00,1588,0.0
2026-06-11T18:03:56+00:00,1589,0.1
2026-06-11T18:03:56+00:00,1590,0.1
2026-06-11T18:03:56+00:00,1591,0.0
2026-06-11T18:03:56+00:00,1592,0.0
2026-06-11T18:03:56+00:00,1593,0.0
2026-06-11T18:03:56+00:00,1594,0.3
2026-06-11T18:03:56+00:00,1595,0.0
2026-06-11T18:03:56+00:00,1596,0.1
2026-06-11T18:03:56+00:00,1597,4.2
2026-06-11T18:03:56+00:00,1598,12.4
2026-06-11T18:03:56+00:00,1599,0.1
2026-06-11T18:03:56+00:00,1600,12.7
2026-06-11T18:03:56+00:00,1601,0.1
2026-06-11T18:03:56+00:00,1602,0.6
2026-06-11T18:03:56+00:00,1603,0.1
2026-06-11T18:03:56+00:00,1604,0.1
2026-06-11T18:03:56+00:00,1609,0.0
2026-06-11T18:03:56+00:00,1610,0.0
2026-06-11T18:03:56+00:00,1611,0.0
2026-06-11T18:03:56+00:00,1612,0.0
2026-06-11T18:03:56+00:00,1613,0.0
2026-06-11T18:03:56+00:00,1614,0.0
2026-06-11T18:03:56+00:00,1615,0.0
2026-06-11T18:03:56+00:00,1616,0.0
2026-06-11T18:03:56+00:00,1617,0.0
2026-06-11T18:03:56+00:00,1618,0.0
2026-06-11T18:03:56+00:00,1619,0.0
2026-06-11T18:03:56+00:00,1620,0.1
2026-06-11T18:03:56+00:00,1621,0.1
2026-06-11T18:03:56+00:00,1665,0.2
2026-06-11T18:03:56+00:00,1666,0.0
2026-06-11T18:03:56+00:00,1667,0.0
2026-06-11T18:03:56+00:00,1668,0.1
2026-06-11T18:03:56+00:00,1669,0.0
2026-06-11T18:03:56+00:00,1670,0.0
2026-06-11T18:03:56+00:00,1671,0.0
2026-06-11T18:03:56+00:00,1672,0.0
2026-06-11T18:03:56+00:00,1673,0.0
2026-06-11T18:03:56+00:00,1674,0.1
2026-06-11T18:03:56+00:00,1675,0.0
2026-06-11T18:03:56+00:00,1676,0.0
2026-06-11T18:03:56+00:00,1677,0.0
2026-06-11T18:03:56+00:00,1678,0.0
2026-06-11T18:03:56+00:00,1679,0.0
2026-06-11T18:03:56+00:00,1680,0.0
2026-06-11T18:03:56+00:00,1681,0.9
2026-06-11T18:03:56+00:00,1682,0.1
2026-06-11T18:03:56+00:00,1683,0.2
2026-06-11T18:03:56+00:00,1684,5.0
2026-06-11T18:03:56+00:00,1685,0.0
2026-06-11T18:03:56+00:00,1686,0.1
2026-06-11T18:03:56+00:00,1687,0.0
2026-06-11T18:03:56+00:00,1688,0.0
2026-06-11T18:03:56+00:00,1689,0.0
2026-06-11T18:03:56+00:00,1690,0.0
2026-06-11T18:03:56+00:00,1691,0.1
2026-06-11T18:03:56+00:00,1692,0.0
2026-06-11T18:03:56+00:00,1693,0.0
2026-06-11T18:03:56+00:00,1694,0.0
2026-06-11T18:03:56+00:00,1695,0.1
2026-06-11T18:03:56+00:00,1696,1.9
2026-06-11T18:03:56+00:00,1697,0.0
2026-06-11T18:03:56+00:00,1698,0.0
2026-06-11T18:03:56+00:00,1699,0.0
2026-06-11T18:03:56+00:00,1700,0.3
2026-06-11T18:03:56+00:00,1701,0.1
2026-06-11T18:03:56+00:00,1702,0.0
2026-06-11T18:03:56+00:00,1703,0.0
2026-06-11T18:03:56+00:00,1704,0.1
2026-06-11T18:03:56+00:00,1705,0.0
2026-06-11T18:03:56+00:00,1706,0.0
2026-06-11T18:03:56+00:00,1707,0.0
2026-06-11T18:03:56+00:00,1708,0.1
2026-06-11T18:03:56+00:00,1709,4.6
2026-06-11T18:03:56+00:00,1710,1.2
2026-06-11T18:03:56+00:00,1711,1.2
2026-06-11T18:03:56+00:00,1712,0.2
2026-06-11T18:03:56+00:00,1713,0.0
2026-06-11T18:03:56+00:00,1714,0.3
2026-06-11T18:03:56+00:00,1939,0.0
2026-06-11T18:03:56+00:00,1940,0.0
2026-06-11T18:03:56+00:00,1941,0.0
2026-06-11T18:03:56+00:00,1942,0.0
2026-06-11T18:03:56+00:00,1943,0.0
2026-06-11T18:03:56+00:00,1944,1.0
2026-06-11T18:03:56+00:00,1945,0.0
2026-06-11T18:03:56+00:00,1946,0.1
2026-06-11T18:03:56+00:00,1947,0.1
2026-06-11T18:03:56+00:00,1950,0.0
2026-06-11T18:03:56+00:00,1951,0.1
2026-06-11T18:03:56+00:00,1952,0.0
2026-06-11T18:03:56+00:00,1953,0.2
2026-06-11T18:03:56+00:00,1954,0.0
2026-06-11T18:03:56+00:00,1955,0.2
2026-06-11T18:03:56+00:00,1956,0.6
2026-06-11T18:03:56+00:00,1957,0.1
2026-06-11T18:03:56+00:00,1958,0.0
2026-06-11T18:03:56+00:00,1959,0.0
2026-06-11T18:03:56+00:00,1960,0.2
2026-06-11T18:03:56+00:00,1961,4.3
2026-06-11T18:03:56+00:00,1962,0.0
2026-06-11T18:03:56+00:00,1963,0.5
2026-06-11T18:03:56+00:00,1964,0.1
2026-06-11T18:03:56+00:00,1965,0.0
2026-06-11T18:03:56+00:00,1966,0.1
2026-06-11T18:03:56+00:00,1967,0.8
2026-06-11T18:03:56+00:00,1968,0.0
2026-06-11T18:03:56+00:00,1969,0.1
2026-06-11T18:03:56+00:00,1970,0.1
2026-06-11T18:03:56+00:00,1971,0.3
2026-06-11T18:03:56+00:00,1972,0.1
2026-06-11T18:03:56+00:00,1973,0.1
2026-06-11T18:03:56+00:00,1974,0.0
2026-06-11T18:03:56+00:00,1975,0.3
2026-06-11T18:03:56+00:00,1976,0.3
2026-06-11T18:03:56+00:00,1977,0.0
2026-06-11T18:03:56+00:00,1978,0.1
2026-06-11T18:03:56+00:00,1979,1.2
2026-06-11T18:03:56+00:00,1980,0.0
2026-06-11T18:03:56+00:00,1981,0.1
2026-06-11T18:03:56+00:00,1982,0.0
2026-06-11T18:03:56+00:00,1983,0.1
2026-06-11T18:03:56+00:00,1984,0.0
2026-06-11T18:03:56+00:00,1985,0.0
2026-06-11T18:03:56+00:00,1986,0.1
2026-06-11T18:03:56+00:00,1987,0.4
2026-06-11T18:03:56+00:00,1988,0.7
2026-06-11T18:03:56+00:00,1989,1.2
2026-06-11T18:03:56+00:00,1990,0.1
2026-06-11T18:03:56+00:00,1991,0.0
2026-06-11T18:03:56+00:00,1992,4.1
2026-06-11T18:03:56+00:00,1993,0.0
2026-06-11T18:03:56+00:00,1994,0.0
2026-06-11T18:03:56+00:00,1995,1.0
2026-06-11T18:03:56+00:00,1996,0.1
2026-06-11T18:03:56+00:00,1997,0.6
2026-06-11T18:03:56+00:00,1998,1.1
2026-06-11T18:03:56+00:00,1999,0.9
2026-06-11T18:03:56+00:00,2000,3.5
2026-06-11T18:03:56+00:00,2001,0.0
2026-06-11T18:03:56+00:00,2002,0.2
2026-06-11T18:03:56+00:00,2003,0.0
2026-06-11T18:03:56+00:00,2004,0.1
2026-06-11T18:03:56+00:00,2005,0.0
2026-06-11T18:03:56+00:00,2006,0.9
2026-06-11T18:03:56+00:00,2007,0.0
2026-06-11T18:03:56+00:00,2008,0.0
2026-06-11T18:03:56+00:00,2009,1.0
2026-06-11T18:03:56+00:00,2010,3.3
2026-06-11T18:03:56+00:00,2011,0.1
2026-06-11T18:03:56+00:00,2012,22.3
2026-06-11T18:03:56+00:00,2013,0.1
2026-06-11T18:03:56+00:00,2014,1.0
2026-06-11T18:03:56+00:00,2015,2.9
2026-06-11T18:03:56+00:00,2016,0.3
2026-06-11T18:03:56+00:00,2017,0.0
2026-06-11T18:03:56+00:00,2018,0.1
2026-06-11T18:03:56+00:00,2019,0.1
2026-06-11T18:03:56+00:00,2020,2.1
2026-06-11T18:03:56+00:00,2021,0.1
2026-06-11T18:03:56+00:00,2022,0.1
2026-06-11T18:03:56+00:00,2023,0.1
2026-06-11T18:03:56+00:00,2024,0.1
2026-06-11T18:03:56+00:00,2025,0.1
2026-06-11T18:03:56+00:00,2026,0.1
2026-06-11T18:03:56+00:00,2027,0.0
2026-06-11T18:03:56+00:00,2028,0.0
2026-06-11T18:03:56+00:00,2029,0.0
2026-06-11T18:03:56+00:00,2030,0.0
2026-06-11T18:03:56+00:00,2031,2.1
2026-06-11T18:03:56+00:00,2032,0.3
2026-06-11T18:03:56+00:00,2033,0.3
2026-06-11T18:03:56+00:00,2034,0.1
2026-06-11T18:03:56+00:00,2035,0.0
2026-06-11T18:03:56+00:00,2036,0.4
2026-06-11T18:03:56+00:00,2037,1.4
2026-06-11T18:03:56+00:00,2038,0.1
2026-06-11T18:03:56+00:00,2039,0.1
2026-06-11T18:03:56+00:00,2040,1.8
2026-06-11T18:03:56+00:00,2041,0.1
2026-06-11T18:03:56+00:00,2042,0.2
2026-06-11T18:03:56+00:00,2043,1.2
2026-06-11T18:03:56+00:00,2044,0.5
2026-06-11T18:03:56+00:00,2045,0.0
2026-06-11T18:03:56+00:00,2046,0.0
2026-06-11T18:03:56+00:00,2047,0.2
2026-06-11T18:03:56+00:00,2048,0.2
2026-06-11T18:03:56+00:00,2049,0.0
2026-06-11T18:03:56+00:00,2050,0.1
2026-06-11T18:03:56+00:00,2051,0.2
2026-06-11T18:03:56+00:00,2052,4.3
2026-06-11T18:03:56+00:00,2053,5.8
2026-06-11T18:03:56+00:00,2054,0.0
2026-06-11T18:03:56+00:00,2055,0.0
2026-06-11T18:03:56+00:00,2056,0.0
2026-06-11T18:03:56+00:00,2057,0.0
2026-06-11T18:03:56+00:00,2058,0.0
2026-06-11T18:03:56+00:00,2059,0.0
2026-06-11T18:03:56+00:00,2060,0.1
2026-06-11T18:03:56+00:00,2061,0.0
2026-06-11T18:03:56+00:00,2062,0.2
2026-06-11T18:03:56+00:00,2063,0.1
2026-06-11T18:03:56+00:00,2064,0.2
2026-06-11T18:03:56+00:00,2065,0.1
2026-06-11T18:03:56+00:00,2066,0.0
2026-06-11T18:03:56+00:00,2067,3.5
2026-06-11T18:03:56+00:00,2068,0.0
2026-06-11T18:03:56+00:00,2069,0.0
2026-06-11T18:03:56+00:00,2070,0.0
2026-06-11T18:03:56+00:00,2071,0.0
2026-06-11T18:03:56+00:00,2072,0.1
2026-06-11T18:03:56+00:00,2073,0.1
2026-06-11T18:03:56+00:00,2074,0.0
2026-06-11T18:03:56+00:00,2075,0.1
